/*
,上海、少林、嵩山 NPC商店物品数据，怪物掉落数据
,北斗项目组
,由@TokyoEric 整理，@Magical-H 代推送
*/

-- 商店NPC
INSERT INTO `shops` (`shopid`,`npcid`) VALUES (9310001,9310001),
(9310002,9310002),
(9310003,9310003),
(9310030,9310030),
(9310033,9310033),
(9310038,9310038);

-- 商店出售物品
INSERT INTO `shopitems` (`shopid`, `itemid`, `price`, `pitch`, `position`) VALUES 
(9310001,1492004,75000,0,104),
(9310001,1482004,75000,0,108),
(9310001,1472001,20000,0,112),
(9310001,1462000,30000,0,116),
(9310001,1452005,150000,0,120),
(9310001,1442001,60000,0,124),
(9310001,1432002,60000,0,128),
(9310001,1422001,45000,0,132),
(9310001,1412006,45000,0,136),
(9310001,1402002,150000,0,140),
(9310001,1382002,20000,0,144),
(9310001,1372003,38000,0,148),
(9310001,1332012,40000,0,152),
(9310001,1332009,42000,0,156),
(9310001,1322014,40000,0,160),
(9310001,1312005,40000,0,164),
(9310001,1302008,40000,0,168),
(9310002,1052107,90000,0,104),
(9310002,1002622,40000,0,108),
(9310002,1061046,40000,0,112),
(9310002,1061045,40000,0,116),
(9310002,1061044,40000,0,120),
(9310002,1061043,40000,0,124),
(9310002,1060046,40000,0,128),
(9310002,1060045,40000,0,132),
(9310002,1060044,40000,0,136),
(9310002,1060043,40000,0,140),
(9310002,1041050,45000,0,144),
(9310002,1041049,45000,0,148),
(9310002,1041048,45000,0,152),
(9310002,1041047,45000,0,156),
(9310002,1040060,45000,0,160),
(9310002,1040059,45000,0,164),
(9310002,1040058,45000,0,168),
(9310002,1040057,45000,0,172),
(9310002,1002175,30000,0,176),
(9310002,1002174,30000,0,180),
(9310002,1002173,30000,0,184),
(9310002,1002172,30000,0,188),
(9310002,1002171,30000,0,192),
(9310002,1061051,44000,0,196),
(9310002,1061050,44000,0,200),
(9310002,1061052,44000,0,204),
(9310002,1060057,44000,0,208),
(9310002,1060056,44000,0,212),
(9310002,1060058,44000,0,216),
(9310002,1060059,44000,0,220),
(9310002,1041055,50000,0,224),
(9310002,1041054,50000,0,228),
(9310002,1041056,50000,0,232),
(9310002,1040068,50000,0,236),
(9310002,1040067,50000,0,240),
(9310002,1040070,50000,0,244),
(9310002,1040069,50000,0,248),
(9310002,1002165,30000,0,252),
(9310002,1002164,30000,0,256),
(9310002,1002163,30000,0,260),
(9310002,1002162,30000,0,264),
(9310002,1002161,30000,0,268),
(9310002,1061036,40000,0,272),
(9310002,1061035,40000,0,276),
(9310002,1061034,40000,0,280),
(9310002,1050028,40000,0,284),
(9310002,1050027,40000,0,288),
(9310002,1050026,40000,0,292),
(9310002,1050003,40000,0,296),
(9310002,1041043,42000,0,300),
(9310002,1041042,42000,0,304),
(9310002,1041041,42000,0,308),
(9310002,1002064,40000,0,312),
(9310002,1092006,60000,0,316),
(9310002,1060019,38000,0,320),
(9310002,1060018,38000,0,324),
(9310002,1060017,38000,0,328),
(9310002,1060016,38000,0,332),
(9310002,1051013,60000,0,336),
(9310002,1051012,60000,0,340),
(9310002,1051011,60000,0,344),
(9310002,1051010,60000,0,348),
(9310002,1040026,40000,0,352),
(9310002,1040021,40000,0,356),
(9310002,1002023,120000,0,360),
(9310003,2330000,600,0,104),
(9310003,2070000,500,0,108),
(9310003,2061000,1,0,120),
(9310003,2060000,1,0,124),
(9310003,2030000,400,0,128),
(9310003,2050003,500,0,132),
(9310003,2050002,300,0,136),
(9310003,2050001,200,0,140),
(9310003,2050000,200,0,144),
(9310003,2020028,3000,0,148),
(9310003,2010004,310,0,152),
(9310003,2010003,100,0,156),
(9310003,2010001,106,0,160),
(9310003,2010002,50,0,164),
(9310003,2010000,30,0,168),
(9310003,2001002,4000,0,172),
(9310003,2001001,2300,0,176),
(9310003,2001000,3200,0,180),
(9310003,2022000,1650,0,184),
(9310003,2022003,1100,0,188),
(9310003,2002005,500,0,192),
(9310003,2002004,500,0,196),
(9310003,2002002,500,0,200),
(9310003,2002001,400,0,204),
(9310003,2002000,500,0,208),
(9310003,2000006,620,0,212),
(9310003,2000003,200,0,216),
(9310003,2000002,320,0,220),
(9310003,2000001,160,0,224),
(9310003,2000000,50,0,228),
(9310003,2030100,450,0,126),
(9310038,1492006,160000,0,104),
(9310038,1492005,100000,0,108),
(9310038,1482006,150000,0,112),
(9310038,1482005,100000,0,116),
(9310038,1472007,60000,0,120),
(9310038,1472004,30000,0,124),
(9310038,1462005,250000,0,128),
(9310038,1462004,200000,0,132),
(9310038,1452007,375000,0,136),
(9310038,1452006,250000,0,140),
(9310038,1442009,300000,0,144),
(9310038,1442003,175000,0,148),
(9310038,1432005,225000,0,152),
(9310038,1432003,175000,0,156),
(9310038,1422007,250000,0,160),
(9310038,1422008,200000,0,164),
(9310038,1412005,250000,0,168),
(9310038,1412004,200000,0,172),
(9310038,1402007,450000,0,176),
(9310038,1402006,350000,0,180),
(9310038,1372000,400000,0,184),
(9310038,1372001,175000,0,188),
(9310038,1332011,425000,0,192),
(9310038,1332014,375000,0,196),
(9310038,1332001,200000,0,200),
(9310038,1322016,175000,0,204),
(9310038,1322015,100000,0,208),
(9310038,1312007,175000,0,212),
(9310038,1312006,100000,0,216),
(9310038,1302009,225000,0,220),
(9310038,1302004,100000,0,224),
(9310033,1002625,75000,0,104),
(9310033,1052113,120000,0,108),
(9310033,1052110,100000,0,112),
(9310033,1061069,160000,0,116),
(9310033,1061070,160000,0,120),
(9310033,1060072,160000,0,124),
(9310033,1060071,160000,0,128),
(9310033,1060052,108000,0,132),
(9310033,1060050,108000,0,136),
(9310033,1060051,108000,0,140),
(9310033,1051009,111000,0,144),
(9310033,1051008,111000,0,148),
(9310033,1051007,111000,0,152),
(9310033,1041074,180000,0,156),
(9310033,1041075,180000,0,160),
(9310033,1040083,180000,0,164),
(9310033,1040082,180000,0,168),
(9310033,1040061,114000,0,172),
(9310033,1040062,114000,0,176),
(9310033,1040063,114000,0,180),
(9310033,1002180,100000,0,184),
(9310033,1002179,100000,0,188),
(9310033,1002178,100000,0,192),
(9310033,1002177,100000,0,196),
(9310033,1002176,100000,0,200),
(9310033,1061080,160000,0,204),
(9310033,1061081,160000,0,208),
(9310033,1061062,108000,0,212),
(9310033,1061060,108000,0,216),
(9310033,1061064,108000,0,220),
(9310033,1061061,108000,0,224),
(9310033,1060069,160000,0,228),
(9310033,1060070,160000,0,232),
(9310033,1060063,108000,0,236),
(9310033,1060061,108000,0,240),
(9310033,1060065,108000,0,244),
(9310033,1060062,108000,0,248),
(9310033,1041081,180000,0,252),
(9310033,1041082,180000,0,256),
(9310033,1041067,114000,0,260),
(9310033,1041065,114000,0,264),
(9310033,1041069,114000,0,268),
(9310033,1041066,114000,0,272),
(9310033,1040079,180000,0,276),
(9310033,1040081,180000,0,280),
(9310033,1040076,114000,0,284),
(9310033,1040074,114000,0,288),
(9310033,1040073,114000,0,292),
(9310033,1040072,114000,0,296),
(9310033,1002137,100000,0,300),
(9310033,1002135,100000,0,304),
(9310033,1002139,100000,0,308),
(9310033,1002138,100000,0,312),
(9310033,1061047,120000,0,316),
(9310033,1061048,120000,0,320),
(9310033,1051027,450000,0,324),
(9310033,1051024,450000,0,328),
(9310033,1051025,450000,0,332),
(9310033,1051023,450000,0,336),
(9310033,1050037,450000,0,340),
(9310033,1050036,450000,0,344),
(9310033,1050038,450000,0,348),
(9310033,1050035,450000,0,352),
(9310033,1050002,300000,0,356),
(9310033,1050031,300000,0,360),
(9310033,1041051,120000,0,364),
(9310033,1041052,120000,0,368),
(9310033,1002144,96000,0,372),
(9310033,1002143,96000,0,376),
(9310033,1002142,96000,0,380),
(9310033,1002141,96000,0,384),
(9310033,1092002,200000,0,388),
(9310033,1092001,100000,0,392),
(9310033,1061084,180000,0,396),
(9310033,1061083,180000,0,400),
(9310033,1060074,180000,0,404),
(9310033,1060075,180000,0,408),
(9310033,1051014,112500,0,412),
(9310033,1051001,112500,0,416),
(9310033,1050021,112500,0,420),
(9310033,1050000,112500,0,424),
(9310033,1041085,200000,0,428),
(9310033,1041084,200000,0,432),
(9310033,1040085,200000,0,436),
(9310033,1040000,200000,0,440),
(9310033,1002004,160000,0,444),
(9310030,2330000,600,0,104),
(9310030,2070000,500,0,108),
(9310030,2061004,50,0,120),
(9310030,2060004,50,0,124),
(9310030,2030000,400,0,128),
(9310030,2050003,300,0,132),
(9310030,2020015,10200,0,144),
(9310030,2020014,8100,0,148),
(9310030,2020013,5600,0,152),
(9310030,2020012,4500,0,156),
(9310030,2001002,4000,0,160),
(9310030,2001001,2300,0,164),
(9310030,2001000,3200,0,168),
(9310030,2022000,1650,0,172),
(9310030,2022003,1100,0,176),
(9310030,2010004,310,0,180),
(9310030,2010003,100,0,184),
(9310030,2010001,106,0,188),
(9310030,2010002,50,0,192),
(9310030,2010000,30,0,196),
(9310030,2022071,250000,0,212),
(9310030,2022061,150000,0,216),
(9310030,2000011,620,0,220),
(9310030,2000002,320,0,228),
(9310030,2030100,450,0,126);


-- 删除原先上海部分怪物的掉率数据
DELETE FROM drop_data
WHERE dropperid IN (9600002, 9600003, 9600004, 9600005, 9600006, 9600007, 9600008)
  AND itemid = 0;

-- 怪物物品爆率
INSERT INTO `drop_data` (`dropperid`, `itemid`, `minimum_quantity`, `maximum_quantity`, `questid`, `chance`) VALUES
(9600001,2000001,1,1,0,800),
(9600001,2000003,1,1,0,800),
(9600001,4003004,1,1,0,800),
(9600001,2060000,1,1,0,800),
(9600001,2061000,1,1,0,800),
(9600001,4020000,1,1,0,500),
(9600001,4020001,1,1,0,500),
(9600001,1002051,1,1,0,800),
(9600001,1041030,1,1,0,800),
(9600001,1061027,1,1,0,800),
(9600001,1082016,1,1,0,800),
(9600001,1072062,1,1,0,800),
(9600001,1312003,1,1,0,800),
(9600001,2040401,1,1,0,180),
(9600001,2002002,1,1,0,800),
(9600001,1322034,1,1,0,800),
(9600001,2000002,1,1,0,800),
(9600001,2000006,1,1,0,800),
(9600001,4010004,1,1,0,500),
(9600001,1332013,1,1,0,800),
(9600001,1002146,1,1,0,800),
(9600001,1332009,1,1,0,800),
(9600001,1082001,1,1,0,800),
(9600001,1002119,1,1,0,800),
(9600001,1051005,1,1,0,800),
(9600001,1032004,1,1,0,800),
(9600001,1332020,1,1,0,800),
(9600001,1402010,1,1,0,800),
(9600001,4007005,1,1,0,800),
(9600002,2000001,1,1,0,800),
(9600002,2000003,1,1,0,800),
(9600002,4003004,1,1,0,800),
(9600002,2060000,1,1,0,800),
(9600002,2061000,1,1,0,800),
(9600002,4020002,1,1,0,500),
(9600002,4010000,1,1,0,500),
(9600002,1002104,1,1,0,800),
(9600002,1041028,1,1,0,800),
(9600002,1061026,1,1,0,800),
(9600002,1082037,1,1,0,800),
(9600002,1072051,1,1,0,800),
(9600002,1302002,1,1,0,800),
(9600002,1442001,1,1,0,800),
(9600002,2040601,1,1,0,180),
(9600002,2040802,1,1,0,180),
(9600002,2002003,1,1,0,800),
(9600002,1372013,1,1,0,800),
(9600002,1422001,1,1,0,800),
(9600002,1412000,1,1,0,800),
(9600002,1002096,1,1,0,800),
(9600002,1002160,1,1,0,800),
(9600002,1040062,1,1,0,800),
(9600002,1060051,1,1,0,800),
(9600002,2040701,1,1,0,180),
(9600002,1002034,1,1,0,800),
(9600002,1372003,1,1,0,800),
(9600002,2070002,1,1,0,300),
(9600002,1002065,1,1,0,800),
(9600002,2044202,1,1,0,180),
(9600002,4010005,1,1,0,500),
(9600002,4007005,1,1,0,800),
(9600003,2000001,1,1,0,800),
(9600003,2000003,1,1,0,800),
(9600003,4003004,1,1,0,800),
(9600003,4000021,1,1,0,800),
(9600003,2060000,1,1,0,800),
(9600003,2061000,1,1,0,800),
(9600003,4020005,1,1,0,500),
(9600003,4020006,1,1,0,500),
(9600003,1002119,1,1,0,800),
(9600003,1040050,1,1,0,800),
(9600003,1060039,1,1,0,800),
(9600003,1082006,1,1,0,800),
(9600003,1072073,1,1,0,800),
(9600003,1322003,1,1,0,800),
(9600003,1432002,1,1,0,800),
(9600003,2041007,1,1,0,180),
(9600003,2070002,1,1,0,300),
(9600003,1452024,1,1,0,800),
(9600003,2040602,1,1,0,180),
(9600003,1072103,1,1,0,800),
(9600003,1322024,1,1,0,800),
(9600003,1050011,1,1,0,800),
(9600003,1302017,1,1,0,800),
(9600003,1332020,1,1,0,800),
(9600003,2000002,1,1,0,800),
(9600003,1452007,1,1,0,800),
(9600003,1462000,1,1,0,800),
(9600003,1002013,1,1,0,800),
(9600003,1082046,1,1,0,800),
(9600003,4020001,1,1,0,500),
(9600003,1082005,1,1,0,800),
(9600003,4006001,1,1,0,800),
(9600003,4007002,1,1,0,800),
(9600003,4007003,1,1,0,800),
(9600004,2000002,1,1,0,800),
(9600004,2000003,1,1,0,800),
(9600004,4003004,1,1,0,800),
(9600004,4000021,1,1,0,800),
(9600004,2060000,1,1,0,800),
(9600004,2061000,1,1,0,800),
(9600004,4010001,1,1,0,500),
(9600004,4010002,1,1,0,500),
(9600004,1002150,1,1,0,800),
(9600004,1051012,1,1,0,800),
(9600004,1082051,1,1,0,800),
(9600004,1072102,1,1,0,800),
(9600004,1372001,1,1,0,800),
(9600004,1422008,1,1,0,800),
(9600004,2041023,1,1,0,180),
(9600004,2002004,1,1,0,800),
(9600004,1092018,1,1,0,800),
(9600004,2044501,1,1,0,180),
(9600004,1050051,1,1,0,800),
(9600004,1050058,1,1,0,800),
(9600004,1050002,1,1,0,800),
(9600004,2040302,1,1,0,180),
(9600004,1332011,1,1,0,800),
(9600004,1002004,1,1,0,800),
(9600004,1040028,1,1,0,800),
(9600004,1040082,1,1,0,800),
(9600004,1041085,1,1,0,800),
(9600004,1442003,1,1,0,800),
(9600004,1402002,1,1,0,800),
(9600004,2002001,1,1,0,800),
(9600004,1432002,1,1,0,800),
(9600004,2002002,1,1,0,800),
(9600004,4007006,1,1,0,800),
(9600005,2000002,1,1,0,800),
(9600005,2000003,1,1,0,800),
(9600005,4003004,1,1,0,800),
(9600005,4000021,1,1,0,800),
(9600005,2060000,1,1,0,800),
(9600005,2061000,1,1,0,800),
(9600005,4010003,1,1,0,500),
(9600005,4020003,1,1,0,500),
(9600005,1002023,1,1,0,800),
(9600005,1051025,1,1,0,800),
(9600005,1032004,1,1,0,800),
(9600005,1082071,1,1,0,800),
(9600005,1072108,1,1,0,800),
(9600005,1412005,1,1,0,800),
(9600005,2041001,1,1,0,180),
(9600005,2043201,1,1,0,180),
(9600005,2044501,1,1,0,180),
(9600005,1072081,1,1,0,800),
(9600005,1002185,1,1,0,800),
(9600005,1002181,1,1,0,800),
(9600005,1092006,1,1,0,800),
(9600005,1102001,1,1,0,800),
(9600005,1002184,1,1,0,800),
(9600005,1072112,1,1,0,800),
(9600005,1072124,1,1,0,800),
(9600005,1402007,1,1,0,800),
(9600005,1422007,1,1,0,800),
(9600005,1472019,1,1,0,800),
(9600005,1302016,1,1,0,800),
(9600005,1082074,1,1,0,800),
(9600005,2070003,1,1,0,300),
(9600005,1442013,1,1,0,800),
(9600005,4007003,1,1,0,800),
(9600005,4007004,1,1,0,800),
(9600005,4007005,1,1,0,800),
(9600005,4007006,1,1,0,800),
(9600006,4030009,1,1,0,500),
(9600006,2000002,1,1,0,800),
(9600006,2000003,1,1,0,800),
(9600006,4003004,1,1,0,800),
(9600006,4000021,1,1,0,800),
(9600006,2060000,1,1,0,800),
(9600006,2061000,1,1,0,800),
(9600006,4020003,1,1,0,500),
(9600006,4020004,1,1,0,500),
(9600006,1002037,1,1,0,800),
(9600006,1041068,1,1,0,800),
(9600006,1061063,1,1,0,800),
(9600006,1082075,1,1,0,800),
(9600006,1072064,1,1,0,800),
(9600006,1402010,1,1,0,800),
(9600006,1382018,1,1,0,800),
(9600006,2040902,1,1,0,180),
(9600006,2044301,1,1,0,180),
(9600006,2002005,1,1,0,800),
(9600006,4003005,1,1,0,800),
(9600006,4020008,1,1,0,500),
(9600006,1051025,1,1,0,800),
(9600006,1002023,1,1,0,800),
(9600006,1402006,1,1,0,800),
(9600006,1302013,1,1,0,800),
(9600006,1002103,1,1,0,800),
(9600006,1041095,1,1,0,800),
(9600006,1061094,1,1,0,800),
(9600006,1462006,1,1,0,800),
(9600006,1032012,1,1,0,800),
(9600006,1082024,1,1,0,800),
(9600006,4007005,1,1,0,800),
(9600006,4007006,1,1,0,800),
(9600007,4031029,1,1,8546,50000),
(9600007,2000002,1,1,0,800),
(9600007,2000003,1,1,0,800),
(9600007,4003004,1,1,0,800),
(9600007,4000021,1,1,0,800),
(9600007,2060000,1,1,0,800),
(9600007,2061000,1,1,0,800),
(9600007,4010006,1,1,0,500),
(9600007,4020007,1,1,0,500),
(9600007,1002163,1,1,0,800),
(9600007,1051009,1,1,0,800),
(9600007,1032008,1,1,0,800),
(9600007,1082023,1,1,0,800),
(9600007,1072116,1,1,0,800),
(9600007,1452007,1,1,0,800),
(9600007,1332014,1,1,0,800),
(9600007,2040704,1,1,0,180),
(9600007,2043801,1,1,0,180),
(9600007,2041011,1,1,0,180),
(9600007,1040095,1,1,0,800),
(9600007,1060084,1,1,0,800),
(9600007,4006000,1,1,0,800),
(9600007,2043701,1,1,0,180),
(9600007,2070003,1,1,0,300),
(9600007,1102000,1,1,0,800),
(9600007,1102004,1,1,0,800),
(9600007,1322009,1,1,0,800),
(9600007,1002080,1,1,0,800),
(9600007,1002128,1,1,0,800),
(9600007,1092020,1,1,0,800),
(9600007,1432008,1,1,0,800),
(9600007,4007002,1,1,0,800),
(9600007,4007005,1,1,0,800),
(9600008,4000194,1,1,0,500000),
(9600008,2000002,1,1,0,800),
(9600008,2000003,1,1,0,800),
(9600008,4003004,1,1,0,800),
(9600008,4000021,1,1,0,800),
(9600008,2060000,1,1,0,800),
(9600008,2061000,1,1,0,800),
(9600008,4010004,1,1,0,500),
(9600008,4020000,1,1,0,500),
(9600008,1002175,1,1,0,800),
(9600008,1041086,1,1,0,800),
(9600008,1061085,1,1,0,800),
(9600008,1082062,1,1,0,800),
(9600008,1072120,1,1,0,800),
(9600008,1472016,1,1,0,800),
(9600008,1312006,1,1,0,800),
(9600008,2040708,1,1,0,180),
(9600008,2043301,1,1,0,180),
(9600008,2070002,1,1,0,300),
(9600008,2330002,1,1,0,300),
(9600009,2388052,1,1,0,200),
(9600009,2000005,1,1,0,20000),
(9600009,1372011,1,1,0,20000),
(9600009,1452023,1,1,0,20000),
(9600009,1302031,1,1,0,10000),
(9600009,1442025,1,1,0,10000),
(9600009,1332029,1,1,0,10000),
(9600009,1382014,1,1,0,10000),
(9600009,2043001,1,1,0,25000),
(9600009,2043101,1,1,0,25000),
(9600009,2043201,1,1,0,25000),
(9600009,2043301,1,1,0,25000),
(9600009,2043701,1,1,0,25000),
(9600009,2043801,1,1,0,25000),
(9600009,2044001,1,1,0,25000),
(9600009,2044101,1,1,0,25000),
(9600009,2044201,1,1,0,25000),
(9600009,2044301,1,1,0,25000),
(9600009,2044401,1,1,0,25000),
(9600009,2044501,1,1,0,25000),
(9600009,2044601,1,1,0,25000),
(9600009,2044701,1,1,0,25000),
(9600009,4020008,1,1,0,20000),
(9600009,4004004,1,1,0,20000),
(9600009,2388044,1,1,0,200),
(9600009,2044801,1,1,0,20000),
(9600009,2044901,1,1,0,20000),
(9600009,4031227,1,1,0,999999),
(9600009,2040914,1,1,0,25000),
(9600009,2040811,1,1,0,25000),
(9600009,1442017,1,1,0,8000),
(9600010,2388052,1,1,0,200),
(9600012,4000393,1,1,0,500000),
(9600012,4004001,1,1,0,10000),
(9600012,4006001,1,1,0,10000),
(9600012,2043301,1,1,0,450),
(9600012,2044701,1,1,0,450),
(9600012,2044001,1,1,0,450),
(9600012,2040001,1,1,0,450),
(9600012,2040501,1,1,0,450),
(9600012,2040902,1,1,0,450),
(9600012,2041022,1,1,0,450),
(9600012,1402004,1,1,0,800),
(9600012,1442017,1,1,0,800),
(9600012,1382013,1,1,0,800),
(9600012,2070006,1,1,0,3000),
(9600012,4010001,1,1,0,5000),
(9600012,4020008,1,1,0,5000),
(9600012,4010003,1,1,0,5000),
(9600012,4020006,1,1,0,5000),
(9600012,1051053,1,1,0,800),
(9600012,1442008,1,1,0,800),
(9600012,1002285,1,1,0,800),
(9600012,1040104,1,1,0,800),
(9600012,1060092,1,1,0,800),
(9600012,1050064,1,1,0,800),
(9600012,1472028,1,1,0,800),
(9600012,1102029,1,1,0,800),
(9600012,1002271,1,1,0,800),
(9600012,1002275,1,1,0,800),
(9600012,1072172,1,1,0,800),
(9600012,1072178,1,1,0,800),
(9600012,1072210,1,1,0,800),
(9600012,1032023,1,1,0,800),
(9600012,1050092,1,1,0,800),
(9600012,1051082,1,1,0,800),
(9600012,1072193,1,1,0,800),
(9600012,1082129,1,1,0,800),
(9600012,2000006,1,1,0,800),
(9600012,2000005,1,1,0,800),
(9600013,1442057,1,1,0,4500),
(9600013,4000394,1,1,0,500000),
(9600013,4004001,1,1,0,10000),
(9600013,4006001,1,1,0,10000),
(9600013,2044001,1,1,0,450),
(9600013,2040001,1,1,0,450),
(9600013,2040501,1,1,0,450),
(9600013,2041013,1,1,0,450),
(9600013,2041022,1,1,0,450),
(9600013,2000006,1,1,0,8000),
(9600013,2000005,1,1,0,8000),
(9600013,4020007,1,1,0,5000),
(9600013,4020001,1,1,0,5000),
(9600013,4004000,1,1,0,8000),
(9600013,1050070,1,1,0,800),
(9600013,1072156,1,1,0,800),
(9600013,1462013,1,1,0,800),
(9600013,1302032,1,1,0,800),
(9600013,1072164,1,1,0,800),
(9600013,1082096,1,1,0,800),
(9600013,1312011,1,1,0,800),
(9600013,1082111,1,1,0,800),
(9600013,1082117,1,1,0,800),
(9600013,1082121,1,1,0,800),
(9600013,1092024,1,1,0,800),
(9600013,1072174,1,1,0,800),
(9600013,1050078,1,1,0,800),
(9600013,1060098,1,1,0,800),
(9600013,1040109,1,1,0,800),
(9600013,1002340,1,1,0,800),
(9600013,1452014,1,1,0,800),
(9600013,1060104,1,1,0,800),
(9600013,1040115,1,1,0,800),
(9600013,1072208,1,1,0,800),
(9600013,1082126,1,1,0,800),
(9600013,1032017,1,1,0,800),
(9600013,2020015,1,1,0,800),
(9600013,2020013,1,1,0,800),
(9600013,1102030,1,1,0,800),
(9600013,1040111,1,1,0,800),
(9600013,1060100,1,1,0,800),
(9600013,1082108,1,1,0,800),
(9600014,4000395,1,1,0,500000),
(9600014,4004001,1,1,0,10000),
(9600014,2000005,1,1,0,8000),
(9600014,2002001,1,1,0,8000),
(9600014,2000002,1,1,0,8000),
(9600014,4020003,1,1,0,5000),
(9600014,4004004,1,1,0,8000),
(9600014,4006000,1,1,0,8000),
(9600014,2020015,1,1,0,8000),
(9600014,2044001,1,1,0,1800),
(9600014,2041022,1,1,0,1800),
(9600014,1432007,1,1,0,800),
(9600014,1082107,1,1,0,800),
(9600014,1051056,1,1,0,800),
(9600014,1332023,1,1,0,800),
(9600014,1082112,1,1,0,800),
(9600014,1082116,1,1,0,800),
(9600014,1040110,1,1,0,800),
(9600014,1060099,1,1,0,800),
(9600014,1050076,1,1,0,800),
(9600014,1072212,1,1,0,800),
(9600014,1002339,1,1,0,800),
(9600014,1051078,1,1,0,800),
(9600014,1452013,1,1,0,800),
(9600014,1051067,1,1,0,800),
(9600014,1051096,1,1,0,800),
(9600014,1050091,1,1,0,800),
(9600014,1040111,1,1,0,800),
(9600014,1060100,1,1,0,800),
(9600014,4000244,1,1,0,8000),
(9600014,4000245,1,1,0,8000),
(9600014,1082133,1,1,0,800),
(9600015,4000396,1,1,0,500000),
(9600015,4006001,1,1,0,10000),
(9600015,2000006,1,1,0,8000),
(9600015,2000005,1,1,0,8000),
(9600015,4020003,1,1,0,5000),
(9600015,4020008,1,1,0,5000),
(9600015,4004002,1,1,0,8000),
(9600015,1002403,1,1,0,800),
(9600015,1050092,1,1,0,800),
(9600015,1041117,1,1,0,800),
(9600015,1061116,1,1,0,800),
(9600015,1050106,1,1,0,800),
(9600015,1082139,1,1,0,800),
(9600015,1072206,1,1,0,800),
(9600015,1312015,1,1,0,800),
(9600015,1452017,1,1,0,800),
(9600015,2044701,1,1,0,1800),
(9600015,2040602,1,1,0,1800),
(9600015,2020015,1,1,0,8000),
(9600015,2044001,1,1,0,1800),
(9600015,2041022,1,1,0,1800),
(9600015,1432007,1,1,0,800),
(9600015,1082107,1,1,0,800),
(9600015,1051056,1,1,0,800),
(9600015,1332023,1,1,0,800),
(9600015,1082112,1,1,0,800),
(9600015,1082116,1,1,0,800),
(9600015,1040110,1,1,0,800),
(9600015,1060099,1,1,0,800),
(9600015,1050076,1,1,0,800),
(9600015,1072212,1,1,0,800),
(9600015,1002339,1,1,0,800),
(9600015,1051078,1,1,0,800),
(9600015,1452013,1,1,0,800),
(9600015,1051067,1,1,0,800),
(9600015,1051096,1,1,0,800),
(9600015,1050091,1,1,0,800),
(9600015,1040111,1,1,0,800),
(9600015,1060100,1,1,0,800),
(9600015,1442013,1,1,0,800),
(9600015,1442014,1,1,0,800),
(9600016,4000397,1,1,0,500000),
(9600016,2000006,1,1,0,8000),
(9600016,2000005,1,1,0,8000),
(9600016,4020003,1,1,0,5000),
(9600016,4020008,1,1,0,5000),
(9600016,4004002,1,1,0,8000),
(9600016,1002403,1,1,0,800),
(9600016,1050092,1,1,0,800),
(9600016,1041117,1,1,0,800),
(9600016,1061116,1,1,0,800),
(9600016,1050106,1,1,0,800),
(9600016,1082139,1,1,0,800),
(9600016,1072206,1,1,0,800),
(9600016,1312015,1,1,0,800),
(9600016,1452017,1,1,0,800),
(9600016,2044701,1,1,0,1800),
(9600016,2040602,1,1,0,1800),
(9600016,2020015,1,1,0,8000),
(9600016,2044001,1,1,0,1800),
(9600016,2041022,1,1,0,1800),
(9600016,1432007,1,1,0,800),
(9600016,1082107,1,1,0,800),
(9600016,1051056,1,1,0,800),
(9600016,1332023,1,1,0,800),
(9600016,1082112,1,1,0,800),
(9600016,1082116,1,1,0,800),
(9600016,1040110,1,1,0,800),
(9600016,1060099,1,1,0,800),
(9600016,1050076,1,1,0,800),
(9600016,1072212,1,1,0,800),
(9600016,1002339,1,1,0,800),
(9600016,1051078,1,1,0,800),
(9600016,1452013,1,1,0,800),
(9600016,1051067,1,1,0,800),
(9600016,1051096,1,1,0,800),
(9600016,1050091,1,1,0,800),
(9600016,1040111,1,1,0,800),
(9600016,1060100,1,1,0,800),
(9600017,4000403,1,1,0,500000),
(9600017,2000006,1,1,0,8000),
(9600017,2000005,1,1,0,8000),
(9600017,2022003,1,1,0,8000),
(9600017,2020015,1,1,0,8000),
(9600017,4010005,1,1,0,5000),
(9600017,4010002,1,1,0,5000),
(9600017,4004004,1,1,0,8000),
(9600017,1002529,1,1,0,800),
(9600017,1050102,1,1,0,800),
(9600017,1051105,1,1,0,800),
(9600017,1051092,1,1,0,800),
(9600017,1082135,1,1,0,800),
(9600017,1072194,1,1,0,800),
(9600017,1092026,1,1,0,800),
(9600017,1402005,1,1,0,800),
(9600017,1462018,1,1,0,800),
(9600017,2040001,1,1,0,1800),
(9600017,2043301,1,1,0,1800),
(9600017,2020013,1,1,0,8000),
(9600017,4004002,1,1,0,8000),
(9600017,4130006,1,1,0,8000),
(9600017,4130004,1,1,0,8000),
(9600017,2040901,1,1,0,1800),
(9600017,2041001,1,1,0,1800),
(9600017,1082142,1,1,0,800),
(9600017,1072192,1,1,0,800),
(9600017,1072204,1,1,0,800),
(9600017,1032017,1,1,0,800),
(9600017,1040112,1,1,0,800),
(9600017,1060101,1,1,0,800),
(9600017,1322028,1,1,0,800),
(9600017,1332022,1,1,0,800),
(9600017,1002405,1,1,0,800),
(9600017,2041013,1,1,0,1800),
(9600017,1442013,1,1,0,800),
(9600018,4000398,1,1,0,500000),
(9600018,4004001,1,1,0,10000),
(9600018,2040902,1,1,0,450),
(9600018,2000006,1,1,0,8000),
(9600018,2000005,1,1,0,8000),
(9600018,2022003,1,1,0,8000),
(9600018,2020013,1,1,0,8000),
(9600018,4010001,1,1,0,5000),
(9600018,4020002,1,1,0,5000),
(9600018,4004004,1,1,0,8000),
(9600018,1002530,1,1,0,800),
(9600018,1050098,1,1,0,800),
(9600018,1041122,1,1,0,800),
(9600018,1061121,1,1,0,800),
(9600018,1051101,1,1,0,800),
(9600018,1082158,1,1,0,800),
(9600018,1072208,1,1,0,800),
(9600018,1092027,1,1,0,800),
(9600018,1402016,1,1,0,800),
(9600018,1382035,1,1,0,800),
(9600018,2040302,1,1,0,1800),
(9600018,2040501,1,1,0,1800),
(9600018,2290004,1,1,0,400),
(9600018,2290006,1,1,0,400),
(9600018,2290024,1,1,0,400),
(9600018,2290036,1,1,0,400),
(9600018,2290056,1,1,0,400),
(9600018,2290072,1,1,0,400),
(9600018,2290078,1,1,0,400),
(9600018,4020004,1,1,0,5000),
(9600018,4006001,1,1,0,8000),
(9600018,4006000,1,1,0,8000),
(9600018,1002398,1,1,0,800),
(9600018,1040111,1,1,0,800),
(9600018,1060102,1,1,0,800),
(9600018,1051092,1,1,0,800),
(9600018,1072228,1,1,0,800),
(9600018,1332052,1,1,0,800),
(9600018,2044702,1,1,0,1800),
(9600018,2040004,1,1,0,1800),
(9600018,4130011,1,1,0,8000),
(9600018,2290030,1,1,0,400),
(9600018,2290044,1,1,0,400),
(9600018,2290054,1,1,0,400),
(9600018,2290066,1,1,0,400),
(9600018,2290092,1,1,0,400),
(9600019,4006001,1,1,0,10000),
(9600019,2044701,1,1,0,450),
(9600019,4000406,1,1,0,500000),
(9600019,2022003,1,1,0,8000),
(9600019,2000006,1,1,0,8000),
(9600019,2000005,1,1,0,8000),
(9600019,4004001,1,1,0,8000),
(9600019,4010001,1,1,0,5000),
(9600019,4020001,1,1,0,5000),
(9600019,4006000,1,1,0,8000),
(9600019,1002377,1,1,0,800),
(9600019,1050107,1,1,0,800),
(9600019,1050103,1,1,0,800),
(9600019,1082135,1,1,0,800),
(9600019,1072221,1,1,0,800),
(9600019,1032017,1,1,0,800),
(9600019,1422027,1,1,0,800),
(9600019,1332051,1,1,0,800),
(9600019,2044602,1,1,0,1800),
(9600019,2043301,1,1,0,1800),
(9600019,2040805,1,1,0,1800),
(9600019,4130002,1,1,0,8000),
(9600019,1082140,1,1,0,800),
(9600019,2290012,1,1,0,400),
(9600019,2290014,1,1,0,400),
(9600019,2290050,1,1,0,400),
(9600019,2290062,1,1,0,400),
(9600019,2290070,1,1,0,400),
(9600019,2290086,1,1,0,400),
(9600019,2290002,1,1,0,400),
(9600019,2290009,1,1,0,400),
(9600019,2290034,1,1,0,400),
(9600019,2290058,1,1,0,400),
(9600019,2290068,1,1,0,400),
(9600019,2290090,1,1,0,400),
(9600019,1082151,1,1,0,800),
(9600019,1072215,1,1,0,800),
(9600019,2043801,1,1,0,1800),
(9600019,2041023,1,1,0,1800),
(9600019,2040707,1,1,0,1800),
(9600020,2041022,1,1,0,450),
(9600020,4000407,1,1,0,500000),
(9600020,2022003,1,1,0,8000),
(9600020,2000006,1,1,0,8000),
(9600020,2000005,1,1,0,8000),
(9600020,4004004,1,1,0,8000),
(9600020,4020006,1,1,0,5000),
(9600020,4020002,1,1,0,5000),
(9600020,4006001,1,1,0,8000),
(9600020,4006000,1,1,0,8000),
(9600020,1002380,1,1,0,8000),
(9600020,1051102,1,1,0,800),
(9600020,1040121,1,1,0,800),
(9600020,1060109,1,1,0,800),
(9600020,1082151,1,1,0,800),
(9600020,1072215,1,1,0,800),
(9600020,1322045,1,1,0,800),
(9600020,1302056,1,1,0,800),
(9600020,2041004,1,1,0,1800),
(9600020,2041013,1,1,0,1800),
(9600020,2044201,1,1,0,1800),
(9600020,4130009,1,1,0,8000),
(9600020,2290002,1,1,0,400),
(9600020,2290009,1,1,0,400),
(9600020,2290034,1,1,0,400),
(9600020,2290058,1,1,0,400),
(9600020,2290068,1,1,0,400),
(9600020,2290090,1,1,0,400),
(9600021,2043301,1,1,0,450),
(9600021,4006001,1,1,0,10000),
(9600021,4004001,1,1,0,10000),
(9600021,4000404,1,1,0,500000),
(9600021,2040602,1,1,0,450),
(9600021,2022003,1,1,0,8000),
(9600021,2000006,1,1,0,8000),
(9600021,2000005,1,1,0,8000),
(9600021,4010001,1,1,0,5000),
(9600021,4020001,1,1,0,5000),
(9600021,4006000,1,1,0,8000),
(9600021,1002377,1,1,0,800),
(9600021,1050107,1,1,0,800),
(9600021,1050103,1,1,0,800),
(9600021,1082135,1,1,0,800),
(9600021,1072221,1,1,0,800),
(9600021,1032017,1,1,0,800),
(9600021,1422027,1,1,0,800),
(9600021,1332051,1,1,0,800),
(9600021,2044602,1,1,0,1800),
(9600021,2040805,1,1,0,1800),
(9600021,4130002,1,1,0,8000),
(9600021,1082140,1,1,0,800),
(9600021,2290012,1,1,0,400),
(9600021,2290014,1,1,0,400),
(9600021,2290050,1,1,0,400),
(9600021,2290062,1,1,0,400),
(9600021,2290070,1,1,0,400),
(9600021,2290086,1,1,0,400),
(9600021,2290002,1,1,0,400),
(9600021,2290009,1,1,0,400),
(9600021,2290034,1,1,0,400),
(9600021,2290058,1,1,0,400),
(9600021,2290068,1,1,0,400),
(9600021,2290090,1,1,0,400),
(9600021,1082151,1,1,0,800),
(9600021,1072215,1,1,0,800),
(9600021,2043801,1,1,0,1800),
(9600021,2041023,1,1,0,1800),
(9600021,2040707,1,1,0,1800),
(9600022,4004001,1,1,0,10000),
(9600022,4000405,1,1,0,500000),
(9600022,2022003,1,1,0,8000),
(9600022,2000006,1,1,0,8000),
(9600022,2000005,1,1,0,8000),
(9600022,4010001,1,1,0,5000),
(9600022,4020001,1,1,0,5000),
(9600022,4006001,1,1,0,8000),
(9600022,4006000,1,1,0,8000),
(9600022,1002377,1,1,0,800),
(9600022,1050107,1,1,0,800),
(9600022,1050103,1,1,0,800),
(9600022,1082135,1,1,0,800),
(9600022,1072221,1,1,0,800),
(9600022,1032017,1,1,0,800),
(9600022,1422027,1,1,0,800),
(9600022,1332051,1,1,0,800),
(9600022,2044602,1,1,0,1800),
(9600022,2043301,1,1,0,1800),
(9600022,2040805,1,1,0,1800),
(9600022,4130002,1,1,0,8000),
(9600022,1082140,1,1,0,800),
(9600022,2290012,1,1,0,400),
(9600022,2290014,1,1,0,400),
(9600022,2290050,1,1,0,400),
(9600022,2290062,1,1,0,400),
(9600022,2290070,1,1,0,400),
(9600022,2290086,1,1,0,400),
(9600022,2290002,1,1,0,400),
(9600022,2290009,1,1,0,400),
(9600022,2290034,1,1,0,400),
(9600022,2290058,1,1,0,400),
(9600022,2290068,1,1,0,400),
(9600022,2290090,1,1,0,400),
(9600022,1082151,1,1,0,800),
(9600022,1072215,1,1,0,800),
(9600022,1442014,1,1,0,800),
(9600023,4006001,1,1,0,10000),
(9600023,4004001,1,1,0,10000),
(9600023,4000401,1,1,0,500000),
(9600023,2022003,1,1,0,8000),
(9600023,2000006,1,1,0,8000),
(9600023,2000005,1,1,0,8000),
(9600023,4004004,1,1,0,8000),
(9600023,4020006,1,1,0,5000),
(9600023,4020002,1,1,0,5000),
(9600023,4006000,1,1,0,8000),
(9600023,1002380,1,1,0,800),
(9600023,1051102,1,1,0,800),
(9600023,1040121,1,1,0,800),
(9600023,1060109,1,1,0,800),
(9600023,1082151,1,1,0,800),
(9600023,1072215,1,1,0,800),
(9600023,1322045,1,1,0,800),
(9600023,1302056,1,1,0,800),
(9600023,2041004,1,1,0,1800),
(9600023,2041013,1,1,0,1800),
(9600023,2044201,1,1,0,1800),
(9600023,4130009,1,1,0,8000),
(9600023,2290002,1,1,0,400),
(9600023,2290009,1,1,0,400),
(9600023,2290034,1,1,0,400),
(9600023,2290058,1,1,0,400),
(9600023,2290068,1,1,0,400),
(9600023,2290090,1,1,0,400),
(9600024,2041022,1,1,0,450),
(9600024,2040001,1,1,0,450),
(9600024,4000402,1,1,0,500000),
(9600024,2022003,1,1,0,8000),
(9600024,2000006,1,1,0,8000),
(9600024,2000005,1,1,0,8000),
(9600024,4004001,1,1,0,8000),
(9600024,4010001,1,1,0,5000),
(9600024,4020001,1,1,0,5000),
(9600024,4006001,1,1,0,8000),
(9600024,4006000,1,1,0,8000),
(9600024,1002377,1,1,0,800),
(9600024,1050107,1,1,0,800),
(9600024,1050103,1,1,0,800),
(9600024,1082135,1,1,0,800),
(9600024,1072221,1,1,0,800),
(9600024,1032017,1,1,0,800),
(9600024,1422027,1,1,0,800),
(9600024,1332051,1,1,0,800),
(9600024,2044602,1,1,0,1800),
(9600024,2043301,1,1,0,1800),
(9600024,2040805,1,1,0,1800),
(9600024,4130002,1,1,0,8000),
(9600024,1082140,1,1,0,800),
(9600024,2290012,1,1,0,400),
(9600024,2290014,1,1,0,400),
(9600024,2290050,1,1,0,400),
(9600024,2290062,1,1,0,400),
(9600024,2290070,1,1,0,400),
(9600024,2290086,1,1,0,400),
(9600024,2290002,1,1,0,400),
(9600024,2290009,1,1,0,400),
(9600024,2290034,1,1,0,400),
(9600024,2290058,1,1,0,400),
(9600024,2290068,1,1,0,400),
(9600024,2290090,1,1,0,400),
(9600024,1082151,1,1,0,800),
(9600024,1072215,1,1,0,800),
(9600024,1442013,1,1,0,800),
(9600024,1442014,1,1,0,800),
(9600025,4021004,1,1,0,30000),
(9600025,4021003,1,1,0,30000),
(9600025,4021002,1,1,0,30000),
(9600025,4021001,1,1,0,30000),
(9600025,4021000,1,1,0,30000),
(9600025,4021008,1,1,0,30000),
(9600025,4021007,1,1,0,30000),
(9600025,4021006,1,1,0,30000),
(9600025,4021005,1,1,0,30000),
(9600025,2040705,1,1,0,30000),
(9600025,2040708,1,1,0,30000),
(9600025,2040502,1,1,0,30000),
(9600025,2000005,1,1,0,8000),
(9600025,2000004,1,1,0,8000),
(9600025,1302056,1,1,0,8000),
(9600025,1312030,1,1,0,8000),
(9600025,1322045,1,1,0,8000),
(9600025,1332051,1,1,0,8000),
(9600025,1332052,1,1,0,8000),
(9600025,1372010,1,1,0,8000),
(9600025,1382035,1,1,0,8000),
(9600025,1402035,1,1,0,8000),
(9600025,1412021,1,1,0,8000),
(9600025,1422027,1,1,0,8000),
(9600025,1432030,1,1,0,8000),
(9600025,1442044,1,1,0,8000),
(9600025,1452019,1,1,0,8000),
(9600025,1462015,1,1,0,8000),
(9600025,1472053,1,1,0,8000),
(9600025,2040002,1,1,0,1800),
(9600025,2040005,1,1,0,1800),
(9600025,2040302,1,1,0,1800),
(9600025,2040402,1,1,0,1800),
(9600025,2040505,1,1,0,1800),
(9600025,2040513,1,1,0,1800),
(9600025,2040516,1,1,0,1800),
(9600025,2040602,1,1,0,1800),
(9600025,2040702,1,1,0,1800),
(9600025,2040802,1,1,0,1800),
(9600025,2040902,1,1,0,1800),
(9600025,4004001,1,1,0,8000),
(9600025,4004002,1,1,0,8000),
(9600025,4004003,1,1,0,8000),
(9600025,2290018,1,1,0,400),
(9600025,2290019,1,1,0,400),
(9600025,2290032,1,1,0,400),
(9600025,2290042,1,1,0,400),
(9600025,2290059,1,1,0,400),
(9600025,2290069,1,1,0,400),
(9600025,2290072,1,1,0,400),
(9600025,2290092,1,1,0,400),
(9600025,2043801,1,1,0,1800),
(9600025,2041023,1,1,0,1800),
(9600025,2040707,1,1,0,1800),
(9600025,1082135,1,1,0,8000),
(9600025,1082140,1,1,0,8000),
(9600025,1082151,1,1,0,8000),
(9600025,1082158,1,1,0,8000),
(9600025,1092037,1,1,0,8000),
(9600025,1072214,1,1,0,8000),
(9600025,1072222,1,1,0,8000),
(9600025,1072223,1,1,0,8000),
(9600025,1072227,1,1,0,8000),
(9600025,1060109,1,1,0,8000),
(9600025,1061123,1,1,0,8000),
(9600025,1050097,1,1,0,8000),
(9600025,1051091,1,1,0,8000),
(9600025,1051105,1,1,0,8000),
(9600025,1040120,1,1,0,8000),
(9600025,1041124,1,1,0,8000),
(9600025,4006000,1,1,0,8000),
(9600025,4006001,1,1,0,8000),
(9600026,4021008,1,1,0,30000),
(9600026,4021007,1,1,0,30000),
(9600026,4021001,1,1,0,30000),
(9600026,4021000,1,1,0,30000),
(9600026,4021003,1,1,0,30000),
(9600026,4021002,1,1,0,30000),
(9600026,4021006,1,1,0,30000),
(9600026,4021005,1,1,0,30000),
(9600026,4021004,1,1,0,30000),
(9600026,2000002,1,1,0,8000),
(9600026,2000003,1,1,0,8000),
(9600026,2000004,1,1,0,8000),
(9600026,2000005,1,1,0,8000),
(9600026,2040002,1,1,0,1800),
(9600026,2040005,1,1,0,1800),
(9600026,2040302,1,1,0,1800),
(9600026,2040402,1,1,0,1800),
(9600026,2040502,1,1,0,1800),
(9600026,2040505,1,1,0,1800),
(9600026,2040513,1,1,0,1800),
(9600026,2040516,1,1,0,1800),
(9600026,2040602,1,1,0,1800),
(9600026,2040702,1,1,0,1800),
(9600026,2040705,1,1,0,1800),
(9600026,2040708,1,1,0,1800),
(9600026,2040802,1,1,0,1800),
(9600026,2040902,1,1,0,1800),
(9600026,4004000,1,1,0,8000),
(9600026,4004001,1,1,0,8000),
(9600026,4004002,1,1,0,8000),
(9600026,4004003,1,1,0,8000),
(9600026,2043801,1,1,0,1800),
(9600026,2041023,1,1,0,1800),
(9600026,2040707,1,1,0,1800),
(9600026,2290018,1,1,0,400),
(9600026,2290019,1,1,0,400),
(9600026,2290032,1,1,0,400),
(9600026,2290042,1,1,0,400),
(9600026,2290059,1,1,0,400),
(9600026,2290092,1,1,0,400),
(9600026,2290072,1,1,0,400),
(9600026,2290069,1,1,0,400),
(9600026,1082135,1,1,0,8000),
(9600026,1082140,1,1,0,8000),
(9600026,1082158,1,1,0,8000),
(9600026,1092037,1,1,0,8000),
(9600026,1072214,1,1,0,8000),
(9600026,1072222,1,1,0,8000),
(9600026,1072223,1,1,0,8000),
(9600026,1072227,1,1,0,8000),
(9600026,1060109,1,1,0,8000),
(9600026,1061123,1,1,0,8000),
(9600026,1050097,1,1,0,8000),
(9600026,1051091,1,1,0,8000),
(9600026,1051105,1,1,0,8000),
(9600026,1040120,1,1,0,8000),
(9600026,1041124,1,1,0,8000),
(9600026,4006000,1,1,0,8000),
(9600026,4006001,1,1,0,8000),
-- 补充金币掉落
(9600001,0,25,40,0,400000),
(9600002,0,29,46,0,400000),
(9600003,0,36,57,0,400000),
(9600004,0,48,77,0,400000),
(9600005,0,61,98,0,400000),
(9600006,0,57,93,0,400000),
(9600007,0,73,117,0,400000),
(9600008,0,69,110,0,400000),
(9600009,0,184,276,0,400000),
(9600010,0,184,276,0,400000),
(9600011,0,25,40,0,400000),
(9600012,0,447,715,0,400000),
(9600013,0,614,976,0,400000),
(9600014,0,728,1173,0,400000),
(9600015,0,728,1173,0,400000),
(9600016,0,728,1173,0,400000),
(9600017,0,816,1322,0,400000),
(9600018,0,913,1461,0,400000),
(9600019,0,1565,2504,0,400000),
(9600020,0,1238,1994,0,400000),
(9600021,0,1565,2504,0,400000),
(9600022,0,1451,2322,0,400000),
(9600023,0,1238,1994,0,400000),
(9600024,0,1451,2322,0,400000),
(9600025,0,10444,16710,0,400000),
(9600026,0,4472,7155,0,400000);
